dialect,version,version_min,version_max,version_status,documents,chunks
duckdb,0.10.0,0.10.0,0.10.0,exact,1,28
duckdb,0.6.0,0.6.0,0.6.0,exact,1,23
duckdb,0.7.0,0.7.0,0.7.0,exact,1,16
duckdb,0.8.0,0.8.0,0.8.0,exact,1,13
duckdb,0.9.0,0.9.0,0.9.0,exact,1,19
duckdb,1.0.0,1.0.0,1.0.0,exact,1,12
duckdb,1.1.0,1.1.0,1.1.0,exact,1,28
duckdb,1.2.0,1.2.0,1.2.0,exact,1,20
duckdb,1.3.0,1.3.0,1.3.0,exact,1,26
duckdb,1.4.0,1.4.0,1.4.0,exact,1,18
duckdb,1.4.1,1.4.1,1.4.1,exact,1,7
duckdb,1.4.2,1.4.2,1.4.2,exact,1,13
duckdb,1.4.3,1.4.3,1.4.3,exact,1,10
duckdb,1.4.4,1.4.4,1.4.4,exact,1,5
duckdb,1.4.5,1.4.5,1.4.5,exact,1,5
duckdb,1.5,1.5.0,1.5.x,current,363,2076
duckdb,1.5.0,1.5.0,1.5.0,exact,1,40
duckdb,1.5.1,1.5.1,1.5.1,exact,1,7
duckdb,1.5.2,1.5.2,1.5.2,exact,1,9
duckdb,1.5.3,1.5.3,1.5.3,exact,1,12
duckdb,1.5.4,1.5.4,1.5.4,exact,1,7
duckdb,1.5.5,1.5.5,1.5.5,exact,1,6
mariadb,,,,unknown,62,575
mariadb,10.0,10.0,10.0,exact,1,1
mariadb,10.0.0,10.0.0,10.0.0,exact,1,1
mariadb,10.0.1,10.0.1,10.0.1,exact,1,1
mariadb,10.0.10,10.0.10,10.0.10,exact,1,1
mariadb,10.0.11,10.0.11,10.0.11,exact,1,1
mariadb,10.0.12,10.0.12,10.0.12,exact,1,1
mariadb,10.0.13,10.0.13,10.0.13,exact,1,1
mariadb,10.0.14,10.0.14,10.0.14,exact,1,1
mariadb,10.0.15,10.0.15,10.0.15,exact,1,1
mariadb,10.0.16,10.0.16,10.0.16,exact,1,1
mariadb,10.0.17,10.0.17,10.0.17,exact,1,1
mariadb,10.0.18,10.0.18,10.0.18,exact,1,1
mariadb,10.0.19,10.0.19,10.0.19,exact,1,1
mariadb,10.0.2,10.0.2,10.0.2,exact,1,1
mariadb,10.0.20,10.0.20,10.0.20,exact,1,1
mariadb,10.0.21,10.0.21,10.0.21,exact,1,1
mariadb,10.0.22,10.0.22,10.0.22,exact,1,1
mariadb,10.0.23,10.0.23,10.0.23,exact,1,1
mariadb,10.0.24,10.0.24,10.0.24,exact,1,1
mariadb,10.0.25,10.0.25,10.0.25,exact,1,1
mariadb,10.0.26,10.0.26,10.0.26,exact,1,1
mariadb,10.0.27,10.0.27,10.0.27,exact,1,1
mariadb,10.0.28,10.0.28,10.0.28,exact,1,1
mariadb,10.0.29,10.0.29,10.0.29,exact,1,1
mariadb,10.0.3,10.0.3,10.0.3,exact,1,1
mariadb,10.0.30,10.0.30,10.0.30,exact,1,1
mariadb,10.0.31,10.0.31,10.0.31,exact,1,1
mariadb,10.0.32,10.0.32,10.0.32,exact,1,1
mariadb,10.0.33,10.0.33,10.0.33,exact,1,1
mariadb,10.0.34,10.0.34,10.0.34,exact,1,1
mariadb,10.0.35,10.0.35,10.0.35,exact,1,1
mariadb,10.0.36,10.0.36,10.0.36,exact,1,1
mariadb,10.0.37,10.0.37,10.0.37,exact,1,1
mariadb,10.0.38,10.0.38,10.0.38,exact,1,1
mariadb,10.0.4,10.0.4,10.0.4,exact,1,1
mariadb,10.0.5,10.0.5,10.0.5,exact,1,1
mariadb,10.0.6,10.0.6,10.0.6,exact,1,1
mariadb,10.0.7,10.0.7,10.0.7,exact,1,1
mariadb,10.0.8,10.0.8,10.0.8,exact,1,1
mariadb,10.0.9,10.0.9,10.0.9,exact,1,1
mariadb,10.1,10.1,10.1,exact,1,1
mariadb,10.1.0,10.1.0,10.1.0,exact,1,1
mariadb,10.1.1,10.1.1,10.1.1,exact,1,1
mariadb,10.1.10,10.1.10,10.1.10,exact,1,1
mariadb,10.1.11,10.1.11,10.1.11,exact,1,1
mariadb,10.1.12,10.1.12,10.1.12,exact,1,1
mariadb,10.1.13,10.1.13,10.1.13,exact,1,1
mariadb,10.1.14,10.1.14,10.1.14,exact,1,1
mariadb,10.1.15,10.1.15,10.1.15,exact,1,1
mariadb,10.1.16,10.1.16,10.1.16,exact,1,1
mariadb,10.1.17,10.1.17,10.1.17,exact,1,1
mariadb,10.1.18,10.1.18,10.1.18,exact,1,1
mariadb,10.1.19,10.1.19,10.1.19,exact,1,1
mariadb,10.1.2,10.1.2,10.1.2,exact,1,1
mariadb,10.1.20,10.1.20,10.1.20,exact,1,1
mariadb,10.1.21,10.1.21,10.1.21,exact,1,1
mariadb,10.1.22,10.1.22,10.1.22,exact,1,1
mariadb,10.1.23,10.1.23,10.1.23,exact,1,1
mariadb,10.1.24,10.1.24,10.1.24,exact,1,1
mariadb,10.1.25,10.1.25,10.1.25,exact,1,1
mariadb,10.1.26,10.1.26,10.1.26,exact,1,1
mariadb,10.1.27,10.1.27,10.1.27,exact,1,1
mariadb,10.1.28,10.1.28,10.1.28,exact,1,1
mariadb,10.1.29,10.1.29,10.1.29,exact,1,1
mariadb,10.1.3,10.1.3,10.1.3,exact,1,1
mariadb,10.1.30,10.1.30,10.1.30,exact,1,1
mariadb,10.1.31,10.1.31,10.1.31,exact,1,1
mariadb,10.1.32,10.1.32,10.1.32,exact,1,1
mariadb,10.1.33,10.1.33,10.1.33,exact,1,1
mariadb,10.1.34,10.1.34,10.1.34,exact,1,1
mariadb,10.1.35,10.1.35,10.1.35,exact,1,1
mariadb,10.1.36,10.1.36,10.1.36,exact,1,1
mariadb,10.1.37,10.1.37,10.1.37,exact,1,1
mariadb,10.1.38,10.1.38,10.1.38,exact,1,1
mariadb,10.1.39,10.1.39,10.1.39,exact,1,1
mariadb,10.1.4,10.1.4,10.1.4,exact,1,1
mariadb,10.1.40,10.1.40,10.1.40,exact,1,1
mariadb,10.1.41,10.1.41,10.1.41,exact,1,1
mariadb,10.1.42,10.1.42,10.1.42,exact,1,1
mariadb,10.1.43,10.1.43,10.1.43,exact,1,1
mariadb,10.1.44,10.1.44,10.1.44,exact,1,1
mariadb,10.1.45,10.1.45,10.1.45,exact,1,1
mariadb,10.1.46,10.1.46,10.1.46,exact,1,1
mariadb,10.1.47,10.1.47,10.1.47,exact,1,1
mariadb,10.1.48,10.1.48,10.1.48,exact,1,1
mariadb,10.1.5,10.1.5,10.1.5,exact,1,1
mariadb,10.1.6,10.1.6,10.1.6,exact,1,1
mariadb,10.1.7,10.1.7,10.1.7,exact,1,1
mariadb,10.1.8,10.1.8,10.1.8,exact,1,1
mariadb,10.1.9,10.1.9,10.1.9,exact,1,1
mariadb,10.10,10.10,10.10,exact,1,1
mariadb,10.10.0,10.10.0,10.10.0,exact,1,1
mariadb,10.10.1,10.10.1,10.10.1,exact,1,1
mariadb,10.10.2,10.10.2,10.10.2,exact,1,1
mariadb,10.10.3,10.10.3,10.10.3,exact,1,1
mariadb,10.10.4,10.10.4,10.10.4,exact,1,1
mariadb,10.10.5,10.10.5,10.10.5,exact,1,1
mariadb,10.10.6,10.10.6,10.10.6,exact,1,1
mariadb,10.10.7,10.10.7,10.10.7,exact,1,1
mariadb,10.11,10.11,10.11,exact,1,1
mariadb,10.11.0,10.11.0,10.11.0,exact,1,1
mariadb,10.11.1,10.11.1,10.11.1,exact,1,1
mariadb,10.11.10,10.11.10,10.11.10,exact,1,1
mariadb,10.11.11,10.11.11,10.11.11,exact,1,1
mariadb,10.11.12,10.11.12,10.11.12,exact,1,1
mariadb,10.11.13,10.11.13,10.11.13,exact,1,1
mariadb,10.11.14,10.11.14,10.11.14,exact,1,1
mariadb,10.11.15,10.11.15,10.11.15,exact,1,1
mariadb,10.11.16,10.11.16,10.11.16,exact,1,1
mariadb,10.11.17,10.11.17,10.11.17,exact,1,1
mariadb,10.11.18,10.11.18,10.11.18,exact,1,1
mariadb,10.11.19,10.11.19,10.11.19,exact,1,1
mariadb,10.11.2,10.11.2,10.11.2,exact,1,1
mariadb,10.11.3,10.11.3,10.11.3,exact,1,1
mariadb,10.11.4,10.11.4,10.11.4,exact,1,1
mariadb,10.11.5,10.11.5,10.11.5,exact,1,1
mariadb,10.11.6,10.11.6,10.11.6,exact,1,1
mariadb,10.11.7,10.11.7,10.11.7,exact,1,1
mariadb,10.11.8,10.11.8,10.11.8,exact,1,1
mariadb,10.11.9,10.11.9,10.11.9,exact,1,1
mariadb,10.2,10.2,10.2,exact,1,1
mariadb,10.2.0,10.2.0,10.2.0,exact,1,1
mariadb,10.2.1,10.2.1,10.2.1,exact,1,1
mariadb,10.2.10,10.2.10,10.2.10,exact,1,1
mariadb,10.2.11,10.2.11,10.2.11,exact,1,1
mariadb,10.2.12,10.2.12,10.2.12,exact,1,1
mariadb,10.2.13,10.2.13,10.2.13,exact,1,1
mariadb,10.2.14,10.2.14,10.2.14,exact,1,1
mariadb,10.2.15,10.2.15,10.2.15,exact,1,1
mariadb,10.2.16,10.2.16,10.2.16,exact,1,1
mariadb,10.2.17,10.2.17,10.2.17,exact,1,1
mariadb,10.2.18,10.2.18,10.2.18,exact,1,1
mariadb,10.2.19,10.2.19,10.2.19,exact,1,1
mariadb,10.2.2,10.2.2,10.2.2,exact,1,1
mariadb,10.2.20,10.2.20,10.2.20,exact,1,1
mariadb,10.2.21,10.2.21,10.2.21,exact,1,1
mariadb,10.2.22,10.2.22,10.2.22,exact,1,1
mariadb,10.2.23,10.2.23,10.2.23,exact,1,1
mariadb,10.2.24,10.2.24,10.2.24,exact,1,1
mariadb,10.2.25,10.2.25,10.2.25,exact,1,1
mariadb,10.2.26,10.2.26,10.2.26,exact,1,1
mariadb,10.2.27,10.2.27,10.2.27,exact,1,1
mariadb,10.2.28,10.2.28,10.2.28,exact,1,1
mariadb,10.2.29,10.2.29,10.2.29,exact,1,1
mariadb,10.2.3,10.2.3,10.2.3,exact,1,1
mariadb,10.2.30,10.2.30,10.2.30,exact,1,1
mariadb,10.2.31,10.2.31,10.2.31,exact,1,1
mariadb,10.2.32,10.2.32,10.2.32,exact,1,1
mariadb,10.2.33,10.2.33,10.2.33,exact,1,1
mariadb,10.2.34,10.2.34,10.2.34,exact,1,1
mariadb,10.2.35,10.2.35,10.2.35,exact,1,1
mariadb,10.2.36,10.2.36,10.2.36,exact,1,1
mariadb,10.2.37,10.2.37,10.2.37,exact,1,1
mariadb,10.2.38,10.2.38,10.2.38,exact,1,1
mariadb,10.2.39,10.2.39,10.2.39,exact,1,1
mariadb,10.2.4,10.2.4,10.2.4,exact,1,1
mariadb,10.2.40,10.2.40,10.2.40,exact,1,1
mariadb,10.2.41,10.2.41,10.2.41,exact,1,1
mariadb,10.2.42,10.2.42,10.2.42,exact,1,1
mariadb,10.2.43,10.2.43,10.2.43,exact,1,1
mariadb,10.2.44,10.2.44,10.2.44,exact,1,1
mariadb,10.2.5,10.2.5,10.2.5,exact,1,1
mariadb,10.2.6,10.2.6,10.2.6,exact,1,1
mariadb,10.2.7,10.2.7,10.2.7,exact,1,1
mariadb,10.2.8,10.2.8,10.2.8,exact,1,1
mariadb,10.2.9,10.2.9,10.2.9,exact,1,1
mariadb,10.3,10.3,10.3,exact,1,1
mariadb,10.3.0,10.3.0,10.3.0,exact,1,1
mariadb,10.3.1,10.3.1,10.3.1,exact,1,1
mariadb,10.3.10,10.3.10,10.3.10,exact,1,1
mariadb,10.3.11,10.3.11,10.3.11,exact,1,1
mariadb,10.3.12,10.3.12,10.3.12,exact,1,1
mariadb,10.3.13,10.3.13,10.3.13,exact,1,1
mariadb,10.3.14,10.3.14,10.3.14,exact,1,1
mariadb,10.3.15,10.3.15,10.3.15,exact,1,1
mariadb,10.3.16,10.3.16,10.3.16,exact,1,1
mariadb,10.3.17,10.3.17,10.3.17,exact,1,1
mariadb,10.3.18,10.3.18,10.3.18,exact,1,1
mariadb,10.3.19,10.3.19,10.3.19,exact,1,1
mariadb,10.3.2,10.3.2,10.3.2,exact,1,1
mariadb,10.3.20,10.3.20,10.3.20,exact,1,1
mariadb,10.3.21,10.3.21,10.3.21,exact,1,1
mariadb,10.3.22,10.3.22,10.3.22,exact,1,1
mariadb,10.3.23,10.3.23,10.3.23,exact,1,1
mariadb,10.3.24,10.3.24,10.3.24,exact,1,1
mariadb,10.3.25,10.3.25,10.3.25,exact,1,1
mariadb,10.3.26,10.3.26,10.3.26,exact,1,1
mariadb,10.3.27,10.3.27,10.3.27,exact,1,1
mariadb,10.3.28,10.3.28,10.3.28,exact,1,1
mariadb,10.3.29,10.3.29,10.3.29,exact,1,1
mariadb,10.3.3,10.3.3,10.3.3,exact,1,1
mariadb,10.3.30,10.3.30,10.3.30,exact,1,1
mariadb,10.3.31,10.3.31,10.3.31,exact,1,1
mariadb,10.3.32,10.3.32,10.3.32,exact,1,1
mariadb,10.3.33,10.3.33,10.3.33,exact,1,1
mariadb,10.3.34,10.3.34,10.3.34,exact,1,1
mariadb,10.3.35,10.3.35,10.3.35,exact,1,1
mariadb,10.3.36,10.3.36,10.3.36,exact,1,1
mariadb,10.3.37,10.3.37,10.3.37,exact,1,1
mariadb,10.3.38,10.3.38,10.3.38,exact,1,1
mariadb,10.3.39,10.3.39,10.3.39,exact,1,1
mariadb,10.3.4,10.3.4,10.3.4,exact,1,1
mariadb,10.3.5,10.3.5,10.3.5,exact,1,1
mariadb,10.3.6,10.3.6,10.3.6,exact,1,1
mariadb,10.3.7,10.3.7,10.3.7,exact,1,1
mariadb,10.3.8,10.3.8,10.3.8,exact,1,1
mariadb,10.3.9,10.3.9,10.3.9,exact,1,1
mariadb,10.4,10.4,10.4,exact,1,1
mariadb,10.4.0,10.4.0,10.4.0,exact,1,1
mariadb,10.4.1,10.4.1,10.4.1,exact,1,1
mariadb,10.4.10,10.4.10,10.4.10,exact,1,1
mariadb,10.4.11,10.4.11,10.4.11,exact,1,1
mariadb,10.4.12,10.4.12,10.4.12,exact,1,1
mariadb,10.4.13,10.4.13,10.4.13,exact,1,1
mariadb,10.4.14,10.4.14,10.4.14,exact,1,1
mariadb,10.4.15,10.4.15,10.4.15,exact,1,1
mariadb,10.4.16,10.4.16,10.4.16,exact,1,1
mariadb,10.4.17,10.4.17,10.4.17,exact,1,1
mariadb,10.4.18,10.4.18,10.4.18,exact,1,1
mariadb,10.4.19,10.4.19,10.4.19,exact,1,1
mariadb,10.4.2,10.4.2,10.4.2,exact,1,1
mariadb,10.4.20,10.4.20,10.4.20,exact,1,1
mariadb,10.4.21,10.4.21,10.4.21,exact,1,1
mariadb,10.4.22,10.4.22,10.4.22,exact,1,1
mariadb,10.4.23,10.4.23,10.4.23,exact,1,1
mariadb,10.4.24,10.4.24,10.4.24,exact,1,1
mariadb,10.4.25,10.4.25,10.4.25,exact,1,1
mariadb,10.4.26,10.4.26,10.4.26,exact,1,1
mariadb,10.4.27,10.4.27,10.4.27,exact,1,1
mariadb,10.4.28,10.4.28,10.4.28,exact,1,1
mariadb,10.4.29,10.4.29,10.4.29,exact,1,1
mariadb,10.4.3,10.4.3,10.4.3,exact,1,1
mariadb,10.4.30,10.4.30,10.4.30,exact,1,1
mariadb,10.4.31,10.4.31,10.4.31,exact,1,1
mariadb,10.4.32,10.4.32,10.4.32,exact,1,1
mariadb,10.4.33,10.4.33,10.4.33,exact,1,1
mariadb,10.4.34,10.4.34,10.4.34,exact,1,1
mariadb,10.4.4,10.4.4,10.4.4,exact,1,1
mariadb,10.4.5,10.4.5,10.4.5,exact,1,1
mariadb,10.4.6,10.4.6,10.4.6,exact,1,1
mariadb,10.4.7,10.4.7,10.4.7,exact,1,1
mariadb,10.4.8,10.4.8,10.4.8,exact,1,1
mariadb,10.4.9,10.4.9,10.4.9,exact,1,1
mariadb,10.5,10.5,10.5,exact,1,1
mariadb,10.5.0,10.5.0,10.5.0,exact,1,1
mariadb,10.5.1,10.5.1,10.5.1,exact,1,1
mariadb,10.5.10,10.5.10,10.5.10,exact,1,1
mariadb,10.5.11,10.5.11,10.5.11,exact,1,1
mariadb,10.5.12,10.5.12,10.5.12,exact,1,1
mariadb,10.5.13,10.5.13,10.5.13,exact,1,1
mariadb,10.5.14,10.5.14,10.5.14,exact,1,1
mariadb,10.5.15,10.5.15,10.5.15,exact,1,1
mariadb,10.5.16,10.5.16,10.5.16,exact,1,1
mariadb,10.5.17,10.5.17,10.5.17,exact,1,1
mariadb,10.5.18,10.5.18,10.5.18,exact,1,1
mariadb,10.5.19,10.5.19,10.5.19,exact,1,1
mariadb,10.5.2,10.5.2,10.5.2,exact,1,1
mariadb,10.5.20,10.5.20,10.5.20,exact,1,1
mariadb,10.5.21,10.5.21,10.5.21,exact,1,1
mariadb,10.5.22,10.5.22,10.5.22,exact,1,1
mariadb,10.5.23,10.5.23,10.5.23,exact,1,1
mariadb,10.5.24,10.5.24,10.5.24,exact,1,1
mariadb,10.5.25,10.5.25,10.5.25,exact,1,1
mariadb,11.4.10,11.4.10,11.4.10,exact,2,393
mariadb,current,,,current,551,1169
mysql,8.0.46,8.0.0,8.0.46,range,3,1224
mysql,8.4.11,8.4.0,8.4.11,range,3,1176
postgresql,14,14.0,14.x,range,1,10
postgresql,14.1,14.1,14.1,exact,1,10
postgresql,14.10,14.10,14.10,exact,1,10
postgresql,14.11,14.11,14.11,exact,1,10
postgresql,14.12,14.12,14.12,exact,1,10
postgresql,14.13,14.13,14.13,exact,1,10
postgresql,14.14,14.14,14.14,exact,1,10
postgresql,14.15,14.15,14.15,exact,1,5
postgresql,14.16,14.16,14.16,exact,1,9
postgresql,14.17,14.17,14.17,exact,1,3
postgresql,14.18,14.18,14.18,exact,1,9
postgresql,14.19,14.19,14.19,exact,1,9
postgresql,14.2,14.2,14.2,exact,1,9
postgresql,14.20,14.20,14.20,exact,1,9
postgresql,14.21,14.21,14.21,exact,1,9
postgresql,14.22,14.22,14.22,exact,1,3
postgresql,14.23,14.23,14.23,exact,1,9
postgresql,14.24,14.24,14.24,exact,342,726
postgresql,14.3,14.3,14.3,exact,1,9
postgresql,14.4,14.4,14.4,exact,1,8
postgresql,14.5,14.5,14.5,exact,1,9
postgresql,14.6,14.6,14.6,exact,1,9
postgresql,14.7,14.7,14.7,exact,1,9
postgresql,14.8,14.8,14.8,exact,1,9
postgresql,14.9,14.9,14.9,exact,1,9
postgresql,17.11,17.11,17.11,exact,185,733
postgresql,18.6,18.6,18.6,exact,173,735
sqlite,3.0.0,3.0.0,3.0.0,exact,1,1
sqlite,3.0.1,3.0.1,3.0.1,exact,1,1
sqlite,3.0.2,3.0.2,3.0.2,exact,1,1
sqlite,3.0.3,3.0.3,3.0.3,exact,1,1
sqlite,3.0.4,3.0.4,3.0.4,exact,1,1
sqlite,3.0.5,3.0.5,3.0.5,exact,1,1
sqlite,3.0.6,3.0.6,3.0.6,exact,1,1
sqlite,3.0.7,3.0.7,3.0.7,exact,1,1
sqlite,3.0.8,3.0.8,3.0.8,exact,1,1
sqlite,3.1.0,3.1.0,3.1.0,exact,1,1
sqlite,3.1.1,3.1.1,3.1.1,exact,1,1
sqlite,3.1.2,3.1.2,3.1.2,exact,1,1
sqlite,3.1.3,3.1.3,3.1.3,exact,1,1
sqlite,3.1.4,3.1.4,3.1.4,exact,1,1
sqlite,3.1.5,3.1.5,3.1.5,exact,1,1
sqlite,3.1.6,3.1.6,3.1.6,exact,1,1
sqlite,3.10.0,3.10.0,3.10.0,exact,1,2
sqlite,3.10.1,3.10.1,3.10.1,exact,1,2
sqlite,3.10.2,3.10.2,3.10.2,exact,1,2
sqlite,3.11.0,3.11.0,3.11.0,exact,1,2
sqlite,3.11.1,3.11.1,3.11.1,exact,1,2
sqlite,3.12.0,3.12.0,3.12.0,exact,1,2
sqlite,3.12.1,3.12.1,3.12.1,exact,1,2
sqlite,3.12.2,3.12.2,3.12.2,exact,1,2
sqlite,3.13.0,3.13.0,3.13.0,exact,1,2
sqlite,3.14,3.14,3.14,exact,1,2
sqlite,3.14.1,3.14.1,3.14.1,exact,1,2
sqlite,3.14.2,3.14.2,3.14.2,exact,1,2
sqlite,3.15.0,3.15.0,3.15.0,exact,1,2
sqlite,3.15.1,3.15.1,3.15.1,exact,1,2
sqlite,3.15.2,3.15.2,3.15.2,exact,1,2
sqlite,3.16.0,3.16.0,3.16.0,exact,1,2
sqlite,3.16.1,3.16.1,3.16.1,exact,1,2
sqlite,3.16.2,3.16.2,3.16.2,exact,1,2
sqlite,3.17.0,3.17.0,3.17.0,exact,1,2
sqlite,3.18.0,3.18.0,3.18.0,exact,1,2
sqlite,3.18.1,3.18.1,3.18.1,exact,1,2
sqlite,3.18.2,3.18.2,3.18.2,exact,1,2
sqlite,3.19.0,3.19.0,3.19.0,exact,1,2
sqlite,3.19.1,3.19.1,3.19.1,exact,1,2
sqlite,3.19.2,3.19.2,3.19.2,exact,1,2
sqlite,3.19.3,3.19.3,3.19.3,exact,1,2
sqlite,3.2.0,3.2.0,3.2.0,exact,1,1
sqlite,3.2.1,3.2.1,3.2.1,exact,1,1
sqlite,3.2.2,3.2.2,3.2.2,exact,1,1
sqlite,3.2.3,3.2.3,3.2.3,exact,1,2
sqlite,3.2.4,3.2.4,3.2.4,exact,1,1
sqlite,3.2.5,3.2.5,3.2.5,exact,1,1
sqlite,3.2.6,3.2.6,3.2.6,exact,1,1
sqlite,3.2.7,3.2.7,3.2.7,exact,1,1
sqlite,3.2.8,3.2.8,3.2.8,exact,1,1
sqlite,3.20.0,3.20.0,3.20.0,exact,1,2
sqlite,3.20.1,3.20.1,3.20.1,exact,1,2
sqlite,3.21.0,3.21.0,3.21.0,exact,1,2
sqlite,3.22.0,3.22.0,3.22.0,exact,1,2
sqlite,3.23.0,3.23.0,3.23.0,exact,1,2
sqlite,3.23.1,3.23.1,3.23.1,exact,1,2
sqlite,3.24.0,3.24.0,3.24.0,exact,1,2
sqlite,3.25.0,3.25.0,3.25.0,exact,1,2
sqlite,3.25.1,3.25.1,3.25.1,exact,1,2
sqlite,3.25.2,3.25.2,3.25.2,exact,1,2
sqlite,3.25.3,3.25.3,3.25.3,exact,1,2
sqlite,3.26.0,3.26.0,3.26.0,exact,1,2
sqlite,3.27.0,3.27.0,3.27.0,exact,1,2
sqlite,3.27.1,3.27.1,3.27.1,exact,1,2
sqlite,3.27.2,3.27.2,3.27.2,exact,1,2
sqlite,3.28.0,3.28.0,3.28.0,exact,1,2
sqlite,3.29.0,3.29.0,3.29.0,exact,1,2
sqlite,3.3.0,3.3.0,3.3.0,exact,1,1
sqlite,3.3.1,3.3.1,3.3.1,exact,1,1
sqlite,3.3.10,3.3.10,3.3.10,exact,1,1
sqlite,3.3.11,3.3.11,3.3.11,exact,1,1
sqlite,3.3.12,3.3.12,3.3.12,exact,1,1
sqlite,3.3.13,3.3.13,3.3.13,exact,1,2
sqlite,3.3.14,3.3.14,3.3.14,exact,1,2
sqlite,3.3.15,3.3.15,3.3.15,exact,1,1
sqlite,3.3.16,3.3.16,3.3.16,exact,1,1
sqlite,3.3.17,3.3.17,3.3.17,exact,1,1
sqlite,3.3.2,3.3.2,3.3.2,exact,1,1
sqlite,3.3.3,3.3.3,3.3.3,exact,1,1
sqlite,3.3.4,3.3.4,3.3.4,exact,1,1
sqlite,3.3.5,3.3.5,3.3.5,exact,1,2
sqlite,3.3.6,3.3.6,3.3.6,exact,1,1
sqlite,3.3.7,3.3.7,3.3.7,exact,1,1
sqlite,3.3.8,3.3.8,3.3.8,exact,1,1
sqlite,3.3.9,3.3.9,3.3.9,exact,1,2
sqlite,3.30.0,3.30.0,3.30.0,exact,1,2
sqlite,3.30.1,3.30.1,3.30.1,exact,1,2
sqlite,3.31.0,3.31.0,3.31.0,exact,1,2
sqlite,3.31.1,3.31.1,3.31.1,exact,1,2
sqlite,3.32.0,3.32.0,3.32.0,exact,1,2
sqlite,3.32.1,3.32.1,3.32.1,exact,1,2
sqlite,3.32.2,3.32.2,3.32.2,exact,1,2
sqlite,3.32.3,3.32.3,3.32.3,exact,1,2
sqlite,3.33.0,3.33.0,3.33.0,exact,1,2
sqlite,3.34.0,3.34.0,3.34.0,exact,1,2
sqlite,3.34.1,3.34.1,3.34.1,exact,1,2
sqlite,3.35.0,3.35.0,3.35.0,exact,1,2
sqlite,3.35.1,3.35.1,3.35.1,exact,1,2
sqlite,3.35.2,3.35.2,3.35.2,exact,1,2
sqlite,3.35.3,3.35.3,3.35.3,exact,1,2
sqlite,3.35.4,3.35.4,3.35.4,exact,1,2
sqlite,3.35.5,3.35.5,3.35.5,exact,1,2
sqlite,3.36.0,3.36.0,3.36.0,exact,1,2
sqlite,3.37.0,3.37.0,3.37.0,exact,1,2
sqlite,3.37.1,3.37.1,3.37.1,exact,1,2
sqlite,3.37.2,3.37.2,3.37.2,exact,1,2
sqlite,3.38.0,3.38.0,3.38.0,exact,1,2
sqlite,3.38.1,3.38.1,3.38.1,exact,1,2
sqlite,3.38.2,3.38.2,3.38.2,exact,1,2
sqlite,3.38.3,3.38.3,3.38.3,exact,1,2
sqlite,3.38.4,3.38.4,3.38.4,exact,1,2
sqlite,3.38.5,3.38.5,3.38.5,exact,1,2
sqlite,3.39.0,3.39.0,3.39.0,exact,1,2
sqlite,3.39.1,3.39.1,3.39.1,exact,1,2
sqlite,3.39.2,3.39.2,3.39.2,exact,1,2
sqlite,3.39.3,3.39.3,3.39.3,exact,1,2
sqlite,3.39.4,3.39.4,3.39.4,exact,1,2
sqlite,3.4.0,3.4.0,3.4.0,exact,1,1
sqlite,3.4.1,3.4.1,3.4.1,exact,1,1
sqlite,3.4.2,3.4.2,3.4.2,exact,1,1
sqlite,3.40.0,3.40.0,3.40.0,exact,1,1
sqlite,3.40.1,3.40.1,3.40.1,exact,1,1
sqlite,3.41.0,3.41.0,3.41.0,exact,1,1
sqlite,3.41.1,3.41.1,3.41.1,exact,1,1
sqlite,3.41.2,3.41.2,3.41.2,exact,1,1
sqlite,3.42.0,3.42.0,3.42.0,exact,1,1
sqlite,3.43.0,3.43.0,3.43.0,exact,1,1
sqlite,3.43.1,3.43.1,3.43.1,exact,1,1
sqlite,3.43.2,3.43.2,3.43.2,exact,1,1
sqlite,3.44.0,3.44.0,3.44.0,exact,1,1
sqlite,3.44.1,3.44.1,3.44.1,exact,1,1
sqlite,3.44.2,3.44.2,3.44.2,exact,1,1
sqlite,3.45.0,3.45.0,3.45.0,exact,1,1
sqlite,3.45.1,3.45.1,3.45.1,exact,1,1
sqlite,3.45.2,3.45.2,3.45.2,exact,1,1
sqlite,3.45.3,3.45.3,3.45.3,exact,1,1
sqlite,3.46.0,3.46.0,3.46.0,exact,1,1
sqlite,3.46.1,3.46.1,3.46.1,exact,1,1
sqlite,3.47.0,3.47.0,3.47.0,exact,1,1
sqlite,3.47.1,3.47.1,3.47.1,exact,1,1
sqlite,3.47.2,3.47.2,3.47.2,exact,1,1
sqlite,3.48.0,3.48.0,3.48.0,exact,1,1
sqlite,3.49.0,3.49.0,3.49.0,exact,1,1
sqlite,3.49.1,3.49.1,3.49.1,exact,1,1
sqlite,3.49.2,3.49.2,3.49.2,exact,1,1
sqlite,3.5.0,3.5.0,3.5.0,exact,1,1
sqlite,3.5.1,3.5.1,3.5.1,exact,1,1
sqlite,3.5.2,3.5.2,3.5.2,exact,1,1
sqlite,3.5.3,3.5.3,3.5.3,exact,1,1
sqlite,3.5.4,3.5.4,3.5.4,exact,1,1
sqlite,3.5.5,3.5.5,3.5.5,exact,1,1
sqlite,3.5.6,3.5.6,3.5.6,exact,1,1
sqlite,3.5.7,3.5.7,3.5.7,exact,1,1
sqlite,3.5.8,3.5.8,3.5.8,exact,1,1
sqlite,3.5.9,3.5.9,3.5.9,exact,1,1
sqlite,3.50.0,3.50.0,3.50.0,exact,1,1
sqlite,3.50.1,3.50.1,3.50.1,exact,1,1
sqlite,3.50.2,3.50.2,3.50.2,exact,1,1
sqlite,3.50.3,3.50.3,3.50.3,exact,1,1
sqlite,3.50.4,3.50.4,3.50.4,exact,1,1
sqlite,3.51.0,3.51.0,3.51.0,exact,1,1
sqlite,3.51.1,3.51.1,3.51.1,exact,1,1
sqlite,3.51.2,3.51.2,3.51.2,exact,1,1
sqlite,3.51.3,3.51.3,3.51.3,exact,1,1
sqlite,3.52.0,3.52.0,3.52.0,exact,1,1
sqlite,3.53.0,3.53.0,3.53.0,exact,1,1
sqlite,3.53.1,3.53.1,3.53.1,exact,1,1
sqlite,3.53.2,3.53.2,3.53.2,exact,1,1
sqlite,3.53.3,3.53.3,3.53.3,exact,1,1
sqlite,3.53.4,3.53.4,3.53.4,exact,323,2092
sqlite,3.6.0,3.6.0,3.6.0,exact,1,1
sqlite,3.6.1,3.6.1,3.6.1,exact,1,1
sqlite,3.6.10,3.6.10,3.6.10,exact,1,1
sqlite,3.6.11,3.6.11,3.6.11,exact,1,1
sqlite,3.6.12,3.6.12,3.6.12,exact,1,1
sqlite,3.6.13,3.6.13,3.6.13,exact,1,1
sqlite,3.6.14,3.6.14,3.6.14,exact,1,1
sqlite,3.6.15,3.6.15,3.6.15,exact,1,1
sqlite,3.6.16,3.6.16,3.6.16,exact,1,1
sqlite,3.6.17,3.6.17,3.6.17,exact,1,1
sqlite,3.6.18,3.6.18,3.6.18,exact,1,1
sqlite,3.6.19,3.6.19,3.6.19,exact,1,1
sqlite,3.6.2,3.6.2,3.6.2,exact,1,1
sqlite,3.6.20,3.6.20,3.6.20,exact,1,1
sqlite,3.6.21,3.6.21,3.6.21,exact,1,1
sqlite,3.6.22,3.6.22,3.6.22,exact,1,1
sqlite,3.6.23,3.6.23,3.6.23,exact,1,1
sqlite,3.6.3,3.6.3,3.6.3,exact,1,1
sqlite,3.6.4,3.6.4,3.6.4,exact,1,1
sqlite,3.6.5,3.6.5,3.6.5,exact,1,1
sqlite,3.6.6,3.6.6,3.6.6,exact,1,1
sqlite,3.6.7,3.6.7,3.6.7,exact,1,1
sqlite,3.6.8,3.6.8,3.6.8,exact,1,1
sqlite,3.6.9,3.6.9,3.6.9,exact,1,1
sqlite,3.7.0,3.7.0,3.7.0,exact,1,1
sqlite,3.7.1,3.7.1,3.7.1,exact,1,1
sqlite,3.7.10,3.7.10,3.7.10,exact,1,1
sqlite,3.7.11,3.7.11,3.7.11,exact,1,1
sqlite,3.7.12,3.7.12,3.7.12,exact,1,1
sqlite,3.7.13,3.7.13,3.7.13,exact,1,1
sqlite,3.7.14,3.7.14,3.7.14,exact,1,1
sqlite,3.7.15,3.7.15,3.7.15,exact,1,1
sqlite,3.7.16,3.7.16,3.7.16,exact,1,1
sqlite,3.7.17,3.7.17,3.7.17,exact,1,1
sqlite,3.7.2,3.7.2,3.7.2,exact,1,1
sqlite,3.7.3,3.7.3,3.7.3,exact,1,1
sqlite,3.7.4,3.7.4,3.7.4,exact,1,1
sqlite,3.7.5,3.7.5,3.7.5,exact,1,1
sqlite,3.7.6,3.7.6,3.7.6,exact,1,1
sqlite,3.7.7,3.7.7,3.7.7,exact,1,1
sqlite,3.7.8,3.7.8,3.7.8,exact,1,1
sqlite,3.7.9,3.7.9,3.7.9,exact,1,1
sqlite,3.8.0,3.8.0,3.8.0,exact,1,1
sqlite,3.8.1,3.8.1,3.8.1,exact,1,1
sqlite,3.8.10,3.8.10,3.8.10,exact,1,1
sqlite,3.8.11,3.8.11,3.8.11,exact,1,1
sqlite,3.8.2,3.8.2,3.8.2,exact,1,1
sqlite,3.8.3,3.8.3,3.8.3,exact,1,1
sqlite,3.8.4,3.8.4,3.8.4,exact,1,1
sqlite,3.8.5,3.8.5,3.8.5,exact,1,1
sqlite,3.8.6,3.8.6,3.8.6,exact,1,1
sqlite,3.8.7,3.8.7,3.8.7,exact,1,1
sqlite,3.8.8,3.8.8,3.8.8,exact,1,1
sqlite,3.8.9,3.8.9,3.8.9,exact,1,1
sqlite,3.9.0,3.9.0,3.9.0,exact,1,1
sqlite,3.9.1,3.9.1,3.9.1,exact,1,1
sqlite,3.9.2,3.9.2,3.9.2,exact,1,1
sqlite,3.9.3,3.9.3,3.9.3,exact,1,1
